duration,protocol,service,flag,src_bytes,dst_bytes,wrong_fragment,logged_in,same_port,same_dst
46,ICMP,HTTP,S0,3303,3757,0,0,91,133
2,UDP,HTTP,SF,2958,1653,1,0,189,26
21,UDP,FTP,REJ,9318,2060,0,1,154,81
12,UDP,HTTP,S0,8933,2071,1,1,73,66
94,TCP,HTTP,SF,8396,638,1,1,154,128
29,TCP,telnet,REJ,7535,3564,0,1,115,129
89,UDP,FTP,SF,4323,4798,1,0,186,93
85,ICMP,HTTP,REJ,4249,1376,0,0,127,142
68,ICMP,DNS,SF,7897,2639,0,0,143,174
88,ICMP,HTTP,REJ,3999,2205,0,0,64,29
98,TCP,HTTP,S0,1864,4465,0,0,171,88
78,UDP,HTTP,SF,8754,3838,0,1,100,43
13,ICMP,DNS,SF,3238,3500,1,1,64,99
62,TCP,telnet,S0,1535,4390,0,1,121,36
52,TCP,FTP,SF,8462,4490,0,1,91,199
63,UDP,DNS,SF,6430,202,0,0,0,161
13,UDP,DNS,S0,6946,758,1,0,142,95
75,TCP,FTP,S0,9514,1282,0,1,94,23
16,ICMP,telnet,SF,6744,3577,0,1,41,83
73,UDP,FTP,REJ,9411,4974,1,0,151,24
90,TCP,telnet,REJ,4671,2956,1,1,127,101
88,UDP,telnet,REJ,1968,4455,0,0,87,50
1,ICMP,DNS,S0,8266,1732,0,0,198,11
54,UDP,FTP,SF,159,3588,1,1,179,175
37,ICMP,HTTP,REJ,2586,1116,1,0,113,78
45,ICMP,HTTP,S0,3648,3260,0,1,168,80
44,TCP,HTTP,S0,8495,824,0,0,10,23
16,UDP,DNS,SF,8690,2811,0,1,109,191
1,UDP,DNS,SF,4872,545,0,0,97,99
96,TCP,HTTP,S0,5552,2555,0,1,14,13
59,UDP,HTTP,REJ,8317,145,0,1,50,61
0,TCP,telnet,S0,3351,105,0,1,39,94
48,UDP,telnet,REJ,6120,726,1,1,173,121
82,ICMP,telnet,REJ,5014,740,0,1,12,96
74,UDP,FTP,SF,1740,1747,1,0,151,124
27,TCP,telnet,REJ,6812,2071,1,0,99,4
46,UDP,FTP,REJ,9021,2820,1,0,137,87
48,TCP,telnet,S0,7991,175,0,0,156,168
16,TCP,HTTP,S0,9228,4980,1,0,124,146
32,TCP,HTTP,REJ,5771,4217,1,0,55,55
55,UDP,HTTP,SF,4671,4420,1,0,78,3
7,UDP,telnet,REJ,9452,459,0,1,45,190
59,ICMP,HTTP,REJ,7358,2118,1,0,66,149
90,TCP,DNS,REJ,394,3027,0,1,187,36
6,UDP,telnet,SF,4183,4615,1,1,13,27
59,ICMP,DNS,S0,1341,4179,1,1,73,45
23,TCP,HTTP,SF,3317,257,1,1,131,157
78,UDP,HTTP,S0,9989,686,0,1,28,175
42,UDP,HTTP,SF,4643,1901,1,1,0,162
31,ICMP,telnet,REJ,1591,3512,1,0,151,69
31,ICMP,DNS,S0,4985,2053,0,1,83,136
18,UDP,telnet,SF,6174,4432,0,1,127,188
74,TCP,telnet,REJ,8153,2277,0,0,149,0
61,UDP,FTP,S0,3502,334,1,1,96,160
29,UDP,DNS,REJ,4427,4970,0,0,200,123
31,UDP,HTTP,S0,4872,1047,1,0,17,154
61,ICMP,HTTP,S0,1658,1012,0,1,133,40
11,TCP,HTTP,REJ,3117,1063,0,1,53,54
91,ICMP,telnet,REJ,3731,3157,0,0,92,193
20,TCP,telnet,REJ,4145,4471,0,0,6,90
0,ICMP,HTTP,S0,3747,2068,1,1,117,7
63,UDP,HTTP,S0,9716,2783,0,0,18,160
37,TCP,HTTP,REJ,3982,1983,1,0,50,63
80,UDP,DNS,REJ,3430,3471,1,1,16,38
90,TCP,DNS,SF,6229,1325,1,1,89,115
87,TCP,FTP,S0,6986,2151,1,1,191,122
33,UDP,HTTP,S0,8775,952,1,1,199,97
33,ICMP,telnet,S0,199,248,0,1,196,33
57,ICMP,HTTP,SF,4799,1527,0,0,98,110
98,TCP,telnet,S0,9774,1908,1,0,46,169
10,TCP,telnet,REJ,1224,2411,0,1,184,148
51,ICMP,HTTP,SF,1447,3318,0,0,195,74
25,ICMP,FTP,REJ,7067,1916,0,1,173,162
38,TCP,telnet,SF,2772,356,1,1,64,189
24,TCP,DNS,SF,2749,1013,0,0,64,3
54,ICMP,FTP,SF,7558,2347,0,1,190,82
79,ICMP,telnet,REJ,6464,3884,0,1,59,39
29,UDP,telnet,S0,7741,2310,0,0,166,142
54,UDP,telnet,SF,1256,1035,1,0,19,85
6,ICMP,HTTP,REJ,3152,878,0,1,116,173
39,UDP,HTTP,REJ,8673,3643,0,0,27,40
54,ICMP,DNS,SF,2855,3573,0,0,52,132
35,TCP,telnet,REJ,4574,1396,0,0,91,141
21,UDP,telnet,SF,9082,1729,0,1,73,75
84,UDP,FTP,S0,4871,3693,0,0,100,178
42,ICMP,DNS,S0,6063,203,1,0,57,71
81,UDP,DNS,SF,8131,1431,1,0,141,88
39,TCP,FTP,S0,9340,1700,0,0,48,47
68,TCP,telnet,SF,5419,3104,0,0,62,78
0,UDP,telnet,SF,8418,3671,1,0,14,158
71,UDP,telnet,REJ,6233,4142,0,1,139,82
32,UDP,DNS,S0,5371,4031,0,1,78,31
38,TCP,DNS,S0,4858,1509,0,0,74,54
64,UDP,DNS,SF,110,3861,0,1,80,198
39,ICMP,DNS,S0,5412,1810,1,0,98,46
46,TCP,DNS,S0,2069,1576,0,1,136,195
34,TCP,DNS,S0,8893,1861,0,1,145,111
34,UDP,telnet,REJ,4920,2378,1,0,198,47
51,UDP,DNS,SF,684,534,1,0,91,93
29,UDP,HTTP,S0,770,1316,1,1,165,27
31,TCP,FTP,SF,543,1616,0,0,118,196
63,UDP,DNS,REJ,5509,3330,0,1,103,22
74,UDP,telnet,SF,885,887,1,0,79,21
67,ICMP,FTP,S0,6339,872,1,0,162,134
89,UDP,FTP,S0,2655,3929,0,0,72,90
54,UDP,telnet,S0,4561,1871,0,1,134,70
90,ICMP,DNS,REJ,5091,2665,0,1,108,15
22,ICMP,FTP,S0,4143,3011,0,0,13,102
4,TCP,HTTP,SF,2294,4181,0,0,47,94
90,UDP,DNS,REJ,208,333,0,0,150,100
4,ICMP,FTP,S0,750,1691,1,0,200,107
56,ICMP,telnet,REJ,8377,3108,0,1,24,115
14,TCP,telnet,SF,2127,2147,0,0,191,63
72,ICMP,DNS,S0,4582,2213,1,0,65,160
47,UDP,telnet,S0,1675,4592,1,0,118,164
27,TCP,DNS,REJ,5029,64,0,0,63,136
31,ICMP,telnet,SF,375,148,1,0,107,94
20,TCP,HTTP,REJ,7434,3340,1,0,93,22
56,UDP,telnet,REJ,643,2342,0,0,137,93
6,UDP,DNS,REJ,2813,354,0,0,12,142
74,UDP,HTTP,REJ,9459,2288,0,0,2,122
66,ICMP,telnet,REJ,6840,2672,0,1,32,109
78,TCP,FTP,REJ,853,138,1,1,24,1
3,TCP,FTP,S0,3672,1523,1,1,85,70
19,UDP,DNS,S0,2870,1223,0,1,196,91
12,UDP,telnet,S0,6334,1018,1,0,76,181
1,ICMP,FTP,SF,9501,2696,0,1,106,42
67,TCP,HTTP,SF,320,3200,1,1,152,54
40,TCP,DNS,S0,4177,545,0,1,112,38
74,TCP,telnet,REJ,295,1942,0,0,131,92
78,TCP,HTTP,SF,6326,647,0,0,143,130
35,UDP,DNS,SF,8832,696,0,1,132,160
53,ICMP,FTP,S0,7252,4536,0,0,116,148
5,TCP,FTP,S0,1783,456,0,1,100,30
24,UDP,HTTP,REJ,4942,4811,0,1,160,8
37,UDP,telnet,REJ,304,4179,1,1,23,62
84,TCP,HTTP,REJ,2042,2893,0,1,99,40
9,UDP,telnet,REJ,4397,4569,0,1,170,107
89,TCP,HTTP,S0,6543,1661,1,1,126,136
62,ICMP,HTTP,SF,667,4097,0,1,193,71
87,TCP,FTP,SF,7993,1013,1,1,90,87
10,UDP,DNS,SF,145,3857,1,0,92,90
